{
  "fileId": "1770362239887-oubrso385",
  "timestamp": "2026-02-06T07:18:04.381Z",
  "fps": 59.94005994005994,
  "duration": 126.543083,
  "totalFrames": 7585,
  "width": 1280,
  "height": 720
}