{
  "fileId": "1770361685810-x6yaponyr",
  "timestamp": "2026-02-06T07:08:50.327Z",
  "fps": 59.94005994005994,
  "duration": 126.543083,
  "totalFrames": 7585,
  "width": 1280,
  "height": 720
}